id,name,phone,email,designation
1,Thain Livesley,706-789-5447,tlivesley0@histats.com,Biostatistician IV
2,Aindrea Boddy,190-612-4213,aboddy1@diigo.com,Teacher
3,Angie Shipcott,307-705-0790,ashipcott2@utexas.edu,Graphic Designer
4,Marv Bisco,509-221-8898,mbisco3@mit.edu,Help Desk Operator
5,Marc Arrighetti,574-914-7330,marrighetti4@histats.com,Food Chemist
6,Alvy Winridge,305-964-3929,awinridge5@vk.com,Geological Engineer
7,Malinda Robke,340-846-6387,mrobke6@dailymotion.com,VP Marketing
8,Verge Temperton,479-478-6368,vtemperton7@microsoft.com,Automation Specialist III
9,Ker Dahl,543-219-5035,kdahl8@sfgate.com,Marketing Manager
10,Sephira Thinn,423-178-3319,sthinn9@live.com,Staff Accountant IV
11,Anastasie Muttitt,984-401-9636,amuttitta@cbsnews.com,Clinical Specialist
12,Valeda Southon,934-590-2926,vsouthonb@hud.gov,Electrical Engineer
13,Sammy Ioselev,957-903-2923,sioselevc@nbcnews.com,Senior Financial Analyst
14,Helli Muat,142-979-9071,hmuatd@digg.com,Software Engineer IV
15,Lonny Chamberlayne,462-595-1592,lchamberlaynee@usda.gov,Tax Accountant
16,Freddie Bloom,726-365-7919,fbloomf@delicious.com,Accounting Assistant I
17,Selby Belshaw,486-523-6038,sbelshawg@flickr.com,Geologist IV
18,Jenine Eyes,934-529-8674,jeyesh@vkontakte.ru,Software Engineer I
19,Denis Gaukroger,421-851-1815,dgaukrogeri@reference.com,VP Accounting
20,Rosco Harrowing,863-625-0649,rharrowingj@geocities.jp,Cost Accountant
21,Alaster MacMenemy,768-648-9695,amacmenemyk@hao123.com,Graphic Designer
22,Tabbatha Kingzeth,985-904-1375,tkingzethl@apache.org,Financial Analyst
23,Thorndike MacDonnell,404-337-3123,tmacdonnellm@google.es,Help Desk Operator
24,Gale Ivanaev,221-383-5533,givanaevn@sfgate.com,Geologist II
25,Anya Gately,506-626-8070,agatelyo@mail.ru,Social Worker
26,Clemmy Janecek,539-769-7191,cjanecekp@yolasite.com,Data Coordinator
27,Yves Le Breton,953-774-2201,yleq@unesco.org,Analog Circuit Design manager
28,Mace Dumphrey,201-417-4314,mdumphreyr@purevolume.com,Mechanical Systems Engineer
29,Esther Orwin,218-252-8998,eorwins@google.com.hk,Assistant Manager
30,Loralyn Perello,216-625-1306,lperellot@oracle.com,Help Desk Technician
